{
    "charge": 0,
    "current_task": "task pspw gradient",
    "dbname": "pwdft",
    "driver": null,
    "foundtask": false,
    "geometries": {
        "geometry": {
            "autosym": 0,
            "autoz": 0,
            "center": 0,
            "charges": [
                29.0,
                29.0,
                29.0,
                29.0
            ],
            "conv": 1.88972598858,
            "coords": [
                0.0,
                0.0,
                0.0,
                0.0,
                1.88972598858,
                1.88972598858,
                1.88972598858,
                0.0,
                1.88972598858,
                1.88972598858,
                1.88972598858,
                0.0
            ],
            "masses": [
                62.9298,
                62.9298,
                62.9298,
                62.9298
            ],
            "nion": 4,
            "symbols": [
                "Cu",
                "Cu",
                "Cu",
                "Cu"
            ],
            "unita": [
                3.77945197716,
                0.0,
                0.0,
                0.0,
                3.77945197716,
                0.0,
                0.0,
                0.0,
                3.77945197716
            ],
            "velocities": [
                0.0,
                0.0,
                0.0,
                0.0,
                0.0,
                0.0,
                0.0,
                0.0,
                0.0,
                0.0,
                0.0,
                0.0
            ]
        }
    },
    "geometry": null,
    "nwinput_cur": 38,
    "nwinput_lines": [
        "echo",
        "",
        "title \"pwdft\"",
        "",
        "permanent_dir /home/rayhe/Github/utils_esp/ase_pwdft/example/pwdft",
        "",
        "scratch_dir /home/rayhe/Github/utils_esp/ase_pwdft/example/pwdft",
        "",
        "start pwdft",
        "",
        "geometry units angstrom nocenter noautosym noautoz",
        "  system crystal units angstrom",
        "    lattice_vectors",
        "      2.0000000000000000e+00 0.0000000000000000e+00 0.0000000000000000e+00",
        "      0.0000000000000000e+00 2.0000000000000000e+00 0.0000000000000000e+00",
        "      0.0000000000000000e+00 0.0000000000000000e+00 2.0000000000000000e+00",
        "  end",
        "  Cu 0.0000000000000000e+00 0.0000000000000000e+00 0.0000000000000000e+00",
        "  Cu 0.0000000000000000e+00 5.0000000000000000e-01 5.0000000000000000e-01",
        "  Cu 5.0000000000000000e-01 0.0000000000000000e+00 5.0000000000000000e-01",
        "  Cu 5.0000000000000000e-01 5.0000000000000000e-01 0.0000000000000000e+00",
        "end",
        "",
        "charge 0",
        "nwpw",
        "  2d-hcurve",
        "  lmbfgs",
        "  cutoff 60",
        "  xc PBE",
        "  loop 10 250",
        "  mult 1",
        "end",
        "",
        "",
        "",
        "task pspw gradient",
        "",
        ""
    ],
    "nwinput_nlines": 38,
    "nwpw": {
        "cutoff": [
            60.0,
            120.0
        ],
        "dipole": [
            41.57396556112244,
            41.573954100059574,
            41.57397663973854
        ],
        "dipole_magnitude": 72.00822040317884,
        "initialize_wavefunction": null,
        "loop": [
            10,
            250
        ],
        "mapping": 3,
        "minimizer": 2,
        "xc": "pbe"
    },
    "permanent_dir": "/home/rayhe/Github/utils_esp/ase_pwdft/example/pwdft",
    "psp_library_dir": "",
    "pspw": {
        "eigenvalues": [
            4.298194511857619,
            3.635141022920693,
            3.6351398457005977,
            3.634596247288767,
            3.634596051987753,
            3.61823230948958,
            3.6182309644497974,
            3.4777700669756486,
            3.477769922572072,
            3.4656133906681825,
            3.1352867083612095,
            3.1215838355702523,
            2.92865547831647,
            2.76589218804598,
            2.7658920064704358,
            2.7485428159724647,
            2.307479946765949,
            2.307477803734483,
            2.2932948930464203,
            2.22657129407571,
            2.2235357657672443,
            2.2235356971612497
        ],
        "energies": [
            -198.12888527521983,
            135.0860655343971,
            8.574076317852121,
            -88.422205257022,
            -293.5707686311754,
            266.6145433145733,
            209.10891272854693,
            -300.4334437479944,
            17.148152635704243,
            -57.352099396432564,
            0.0,
            0.0,
            0.0,
            0.0,
            0.0,
            0.0,
            0.0,
            0.0,
            0.0,
            0.0,
            0.0,
            0.0,
            0.0,
            0.0,
            0.0,
            0.0,
            0.0,
            0.0,
            0.0,
            0.0,
            0.0,
            0.0,
            0.0,
            0.0,
            0.0,
            0.0,
            0.0,
            0.0,
            0.0,
            0.0,
            0.0,
            0.0,
            0.0,
            0.0,
            0.0,
            0.0,
            0.0,
            0.0,
            0.0,
            0.0,
            0.0,
            0.0,
            0.0,
            0.0,
            0.0,
            0.0,
            0.0,
            0.0,
            0.0,
            0.0
        ],
        "energy": -198.12888527521983,
        "fion": [
            -1.258803844928056e-06,
            -5.178461709967313e-05,
            -2.6196584117440343e-06,
            -1.0399286839555793e-05,
            6.988368401547192e-05,
            -2.0321828739652205e-06,
            -5.729769841665499e-06,
            -0.0001554073338987347,
            4.118155045734401e-06,
            1.5595227649545023e-05,
            0.0001366577162364855,
            4.898675115238797e-06
        ],
        "gradient": [
            1.258803844928056e-06,
            5.178461709967313e-05,
            2.6196584117440343e-06,
            1.0399286839555793e-05,
            -6.988368401547192e-05,
            2.0321828739652205e-06,
            5.729769841665499e-06,
            0.0001554073338987347,
            -4.118155045734401e-06,
            -1.5595227649545023e-05,
            -0.0001366577162364855,
            -4.898675115238797e-06
        ]
    },
    "scratch_dir": "/home/rayhe/Github/utils_esp/ase_pwdft/example/pwdft",
    "title": "pwdft"
}
